,Mass,Amplitude
0,"[0.00000000e+00 1.23456790e-06 4.93827160e-06 ... 1.23382727e+02
 1.23407412e+02 1.23432100e+02]",[0.00163392 0.00163392 0.00163392 ... 0.00163392 0.00163392 0.00163392]
