Time (s),Amplitude
[-0.00035 -0.00035 -0.00035 ...  0.00015  0.00015  0.00015],[-0.00072 -0.00072 -0.00092 ... -0.00116 -0.0012  -0.00116]
[-0.00035 -0.00035 -0.00035 ...  0.00015  0.00015  0.00015],"[ 0.00279999  0.00439999 -0.00040001 ...  0.00239999  0.00279999
  0.00039999]"
[-0.00035 -0.00035 -0.00035 ...  0.00015  0.00015  0.00015],"[-4.00003315e-04 -2.00003320e-04  9.99966724e-05 ... -3.32511263e-09
 -3.32511263e-09  1.99996670e-04]"
"[-0.00035    -0.00035    -0.00034999 ...  0.00015     0.00015
  0.00015   ]","[1.71130523e-08 2.00001721e-03 3.00001726e-03 ... 6.00001740e-03
 4.00001730e-03 2.00001721e-03]"
