Time (s),Amplitude
[-0.000202 -0.000202 -0.000202 ...  0.000798  0.000798  0.000798],[ 0.00142  0.0015   0.0011  ... -0.00414 -0.00466 -0.00446]
[-0.000202 -0.000202 -0.000202 ...  0.000798  0.000798  0.000798],"[ 0.00579998  0.00499998  0.00859998 ... -0.00100002 -0.00420002
  0.00059998]"
[-0.000202 -0.000202 -0.000202 ...  0.000798  0.000798  0.000798],[0.00090001 0.00130001 0.00090001 ... 0.00010001 0.00130001 0.00070001]
[-0.000202 -0.000202 -0.000202 ...  0.000798  0.000798  0.000798],"[ 0.00220002 -0.00059998 -0.00139998 ... -0.00379998  0.00020002
 -0.00259998]"
[-0.000202 -0.000202 -0.000202 ...  0.000798  0.000798  0.000798],"[ 0.00499994  0.00399994 -0.00100006 ...  0.00399994  0.00499994
  0.00499994]"
[-0.000202 -0.000202 -0.000202 ...  0.000798  0.000798  0.000798],"[-6.09999628e-04 -3.19999635e-04 -5.49999630e-04 ... -2.99996427e-05
  4.30000346e-04  1.10000354e-04]"
[-0.000202 -0.000202 -0.000202 ...  0.000798  0.000798  0.000798],[-0.00021 -0.00039 -0.0004  ... -0.00052 -0.00025 -0.00031]
[-0.000202 -0.000202 -0.000202 ...  0.000798  0.000798  0.000798],"[-1.39998643e-04 -5.99986452e-05 -1.79998642e-04 ...  1.80001349e-04
  2.00013528e-05  1.20001350e-04]"
