Time (s),Amplitude
"[-3.99999818e-04 -3.99998818e-04 -3.99997818e-04 ...  9.99991675e-05
  1.00000167e-04  1.00001167e-04]",[-0.00072 -0.00136 -0.00112 ...  0.00236  0.002    0.00172]
"[-3.99999791e-04 -3.99998791e-04 -3.99997791e-04 ...  9.99991945e-05
  1.00000194e-04  1.00001194e-04]",[0.0003 0.0005 0.0001 ... 0.0001 0.0005 0.0001]
"[-3.99999041e-04 -3.99998041e-04 -3.99997041e-04 ...  9.99999445e-05
  1.00000944e-04  1.00001944e-04]",[0.00599986 0.00099986 0.00099986 ... 0.00199986 0.00099986 0.00399986]
"[-3.99999042e-04 -3.99998042e-04 -3.99997042e-04 ...  9.99999435e-05
  1.00000943e-04  1.00001943e-04]","[-0.00220001 -0.00020001 -0.00220001 ...  0.00499999  0.00179999
  0.00459999]"
