Time (s),Amplitude
[-0.001068 -0.001068 -0.001068 ...  0.000932  0.000932  0.000932],[0.00290001 0.00380001 0.00310001 ... 0.00330001 0.00280001 0.00230001]
[-0.001068 -0.001068 -0.001068 ...  0.000932  0.000932  0.000932],[-0.0008 -0.0036 -0.002  ...  0.0012 -0.0008 -0.0012]
[-0.001068 -0.001068 -0.001068 ...  0.000932  0.000932  0.000932],[0.0052 0.0052 0.0054 ... 0.008  0.0082 0.0086]
[-0.001068 -0.001068 -0.001068 ...  0.000932  0.000932  0.000932],[-0.00142 -0.00166 -0.00094 ... -0.00238 -0.00202 -0.00198]
[-0.001068 -0.001068 -0.001068 ...  0.000932  0.000932  0.000932],[-0.00366 -0.0034  -0.0032  ... -0.0013  -0.00198 -0.00162]
[-0.001068 -0.001068 -0.001068 ...  0.000932  0.000932  0.000932],[0.00098 0.00106 0.00158 ... 0.00202 0.00102 0.00166]
[-0.001068 -0.001068 -0.001068 ...  0.000932  0.000932  0.000932],"[-0.00299999 -0.00239999 -0.00189999 ... -0.00309999 -0.00149999
 -0.00229999]"
[-0.001068 -0.001068 -0.001068 ...  0.000932  0.000932  0.000932],[-0.0048 -0.0052 -0.0064 ... -0.0004 -0.0004 -0.0008]
