Time (s),Amplitude
"[-3.99999549e-04 -3.99998549e-04 -3.99997549e-04 ...  9.99994369e-05
  1.00000437e-04  1.00001437e-04]","[ 2.51999739e-03  2.79999738e-03  2.27999740e-03 ... -2.00002542e-04
 -8.00025446e-05 -2.54658516e-09]"
"[-3.99999522e-04 -3.99998522e-04 -3.99997522e-04 ...  9.99994639e-05
  1.00000464e-04  1.00001464e-04]",[0.0003 0.0001 0.0006 ... 0.001  0.0002 0.0008]
"[-3.99999772e-04 -3.99998772e-04 -3.99997772e-04 ...  9.99992139e-05
  1.00000214e-04  1.00001214e-04]",[0.00299986 0.00299986 0.00199986 ... 0.00099986 0.0001     0.0001    ]
"[-3.99999773e-04 -3.99998773e-04 -3.99997773e-04 ...  9.99992129e-05
  1.00000213e-04  1.00001213e-04]",[0.00099999 0.00259999 0.00179999 ... 0.00099999 0.00099999 0.00059999]
