Time (s),Amplitude
"[-0.00035    -0.00035    -0.00034999 ...  0.00015     0.00015
  0.00015   ]",[0.001   0.00116 0.00112 ... 0.005   0.00484 0.00484]
"[-0.00035    -0.00035    -0.00034999 ...  0.00015     0.00015
  0.00015   ]","[-1.11467671e-08  3.59998876e-03  4.39998874e-03 ...  5.99998870e-03
  5.99998870e-03  9.19998862e-03]"
"[-0.00035    -0.00035    -0.00034999 ...  0.00015     0.00015
  0.00015   ]",[0.0001 0.0001 0.0001 ... 0.0001 0.0001 0.0003]
[-0.00035 -0.00035 -0.00035 ...  0.00015  0.00015  0.00015],[0.0001 0.0001 0.0001 ... 0.0001 0.0001 0.0001]
